Is it possible to swap ETH with MATIC?,Swap,"('MATIC', 'ETH')"
Can I exchange MATIC for ETH?,Swap,"('ETH', 'MATIC')"
I would like to exchange USDC with ETH.,Swap,"('USDC', 'ETH')"
Let's initiate a transaction: Amount USDT to RecipientAddress.,Send,"('USDT', 'RecipientAddress')"
Swap USDT for USDC at the best rate.,Swap,"('USDT', 'USDC')"
I would like to exchange MATIC with BTC.,Swap,"('MATIC', 'BTC')"
"Exchange USDC with BTC, please.",Swap,"('BTC', 'USDC')"
Can I exchange MATIC for BTC?,Swap,"('BTC', 'MATIC')"
Is it possible to send Amount MATIC to RecipientAddress?,Send,"('MATIC', 'RecipientAddress')"
Swap ETH and give me BTC.,Swap,"('ETH', 'BTC')"
Send Amount USDC from my wallet to RecipientAddress.,Send,"('USDC', 'RecipientAddress')"
Swap USDC for MATIC at the best rate.,Swap,"('USDC', 'MATIC')"
Swap MATIC for USDT at the best rate.,Swap,"('MATIC', 'USDT')"
Can I transfer Amount ETH to RecipientAddress?,Send,"('ETH', 'RecipientAddress')"
"Exchange MATIC with ETH, please.",Swap,"('ETH', 'MATIC')"
Swap USDT and give me MATIC.,Swap,"('USDT', 'MATIC')"
I want to swap USDT with ETH.,Swap,"('USDT', 'ETH')"
Let's initiate a transaction: Amount MATIC to RecipientAddress.,Send,"('MATIC', 'RecipientAddress')"
I want to send Amount ETH to RecipientAddress.,Send,"('ETH', 'RecipientAddress')"
I would like to exchange ETH with USDT.,Swap,"('ETH', 'USDT')"
Give me ETH in exchange for USDT.,Swap,"('USDT', 'ETH')"
I'm looking to swap MATIC and USDC.,Swap,"('MATIC', 'USDC')"
Send Amount MATIC from my wallet to RecipientAddress.,Send,"('MATIC', 'RecipientAddress')"
Is it possible to swap MATIC with USDC?,Swap,"('USDC', 'MATIC')"
Let's initiate a transaction: Amount MATIC to RecipientAddress.,Send,"('MATIC', 'RecipientAddress')"
Can I exchange BTC for MATIC?,Swap,"('MATIC', 'BTC')"
Is it possible to send Amount MATIC to RecipientAddress?,Send,"('MATIC', 'RecipientAddress')"
"Exchange USDT with MATIC, please.",Swap,"('MATIC', 'USDT')"
I'm planning to send Amount ETH to RecipientAddress.,Send,"('ETH', 'RecipientAddress')"
Can I transfer Amount ETH to RecipientAddress?,Send,"('ETH', 'RecipientAddress')"
I want to send Amount USDT to RecipientAddress.,Send,"('USDT', 'RecipientAddress')"
Let's trade BTC for ETH.,Swap,"('ETH', 'BTC')"
Let's trade USDT for ETH.,Swap,"('ETH', 'USDT')"
I'm looking to swap MATIC and ETH.,Swap,"('MATIC', 'ETH')"
I need to dispatch Amount BTC to RecipientAddress.,Send,"('BTC', 'RecipientAddress')"
Is it possible to swap BTC with USDC?,Swap,"('USDC', 'BTC')"
Transfer Amount MATIC to RecipientAddress.,Send,"('MATIC', 'RecipientAddress')"
I need to dispatch Amount USDT to RecipientAddress.,Send,"('USDT', 'RecipientAddress')"
"Exchange USDT with USDC, please.",Swap,"('USDC', 'USDT')"
Send Amount MATIC from my wallet to RecipientAddress.,Send,"('MATIC', 'RecipientAddress')"
Swap USDT for USDC at the best rate.,Swap,"('USDT', 'USDC')"
Is it possible to send Amount BTC to RecipientAddress?,Send,"('BTC', 'RecipientAddress')"
I want to send Amount MATIC to RecipientAddress.,Send,"('MATIC', 'RecipientAddress')"
"Exchange USDC with MATIC, please.",Swap,"('MATIC', 'USDC')"
Give me USDT in exchange for MATIC.,Swap,"('MATIC', 'USDT')"
I need to trade USDC for ETH.,Swap,"('USDC', 'ETH')"
Give me ETH in exchange for USDC.,Swap,"('USDC', 'ETH')"
I need to dispatch Amount ETH to RecipientAddress.,Send,"('ETH', 'RecipientAddress')"
Is it possible to send Amount ETH to RecipientAddress?,Send,"('ETH', 'RecipientAddress')"
I'm planning to send Amount BTC to RecipientAddress.,Send,"('BTC', 'RecipientAddress')"
Send Amount USDT from my wallet to RecipientAddress.,Send,"('USDT', 'RecipientAddress')"
Send Amount USDT from my wallet to RecipientAddress.,Send,"('USDT', 'RecipientAddress')"
Is it possible to swap ETH with USDT?,Swap,"('USDT', 'ETH')"
I want to swap my BTC with the best possible amount of USDT.,Swap,"('BTC', 'USDT')"
Can I transfer Amount BTC to RecipientAddress?,Send,"('BTC', 'RecipientAddress')"
I want to swap my BTC with the best possible amount of USDC.,Swap,"('BTC', 'USDC')"
I need to dispatch Amount BTC to RecipientAddress.,Send,"('BTC', 'RecipientAddress')"
Is it possible to send Amount ETH to RecipientAddress?,Send,"('ETH', 'RecipientAddress')"
Let's initiate a transaction: Amount BTC to RecipientAddress.,Send,"('BTC', 'RecipientAddress')"
Can I transfer Amount BTC to RecipientAddress?,Send,"('BTC', 'RecipientAddress')"
I would like to exchange USDC with BTC.,Swap,"('USDC', 'BTC')"
Can I exchange ETH for USDT?,Swap,"('USDT', 'ETH')"
I want to swap USDT with BTC.,Swap,"('USDT', 'BTC')"
I need to trade USDT for BTC.,Swap,"('USDT', 'BTC')"
I want to send Amount USDC to RecipientAddress.,Send,"('USDC', 'RecipientAddress')"
Transfer Amount BTC to RecipientAddress.,Send,"('BTC', 'RecipientAddress')"
Transfer Amount ETH to RecipientAddress.,Send,"('ETH', 'RecipientAddress')"
I want to send Amount MATIC to RecipientAddress.,Send,"('MATIC', 'RecipientAddress')"
Send Amount ETH from my wallet to RecipientAddress.,Send,"('ETH', 'RecipientAddress')"
"Exchange BTC with USDT, please.",Swap,"('USDT', 'BTC')"
I need to trade MATIC for USDT.,Swap,"('MATIC', 'USDT')"
I want to swap my USDC with the best possible amount of USDT.,Swap,"('USDC', 'USDT')"
I want to swap MATIC with BTC.,Swap,"('MATIC', 'BTC')"
Transfer Amount BTC to RecipientAddress.,Send,"('BTC', 'RecipientAddress')"
I want to send Amount BTC to RecipientAddress.,Send,"('BTC', 'RecipientAddress')"
I'm looking to swap USDC and ETH.,Swap,"('USDC', 'ETH')"
I need to trade MATIC for ETH.,Swap,"('MATIC', 'ETH')"
I'm planning to send Amount USDT to RecipientAddress.,Send,"('USDT', 'RecipientAddress')"
I would like to exchange USDT with USDC.,Swap,"('USDT', 'USDC')"
Is it possible to send Amount MATIC to RecipientAddress?,Send,"('MATIC', 'RecipientAddress')"
Is it possible to send Amount ETH to RecipientAddress?,Send,"('ETH', 'RecipientAddress')"
Swap BTC for USDC at the best rate.,Swap,"('BTC', 'USDC')"
Is it possible to send Amount BTC to RecipientAddress?,Send,"('BTC', 'RecipientAddress')"
Send Amount USDT from my wallet to RecipientAddress.,Send,"('USDT', 'RecipientAddress')"
Give me ETH in exchange for USDT.,Swap,"('USDT', 'ETH')"
I'm planning to send Amount USDC to RecipientAddress.,Send,"('USDC', 'RecipientAddress')"
Send Amount BTC from my wallet to RecipientAddress.,Send,"('BTC', 'RecipientAddress')"
I need to dispatch Amount BTC to RecipientAddress.,Send,"('BTC', 'RecipientAddress')"
Let's initiate a transaction: Amount ETH to RecipientAddress.,Send,"('ETH', 'RecipientAddress')"
Send Amount USDC from my wallet to RecipientAddress.,Send,"('USDC', 'RecipientAddress')"
I want to swap my USDC with the best possible amount of MATIC.,Swap,"('USDC', 'MATIC')"
Give me BTC in exchange for USDT.,Swap,"('USDT', 'BTC')"
Transfer Amount USDT to RecipientAddress.,Send,"('USDT', 'RecipientAddress')"
Let's trade MATIC for USDC.,Swap,"('USDC', 'MATIC')"
I need to dispatch Amount ETH to RecipientAddress.,Send,"('ETH', 'RecipientAddress')"
Is it possible to send Amount USDC to RecipientAddress?,Send,"('USDC', 'RecipientAddress')"
I want to swap MATIC with BTC.,Swap,"('MATIC', 'BTC')"
Give me BTC in exchange for USDC.,Swap,"('USDC', 'BTC')"
I want to send Amount MATIC to RecipientAddress.,Send,"('MATIC', 'RecipientAddress')"
I need to dispatch Amount USDT to RecipientAddress.,Send,"('USDT', 'RecipientAddress')"
I need to dispatch Amount USDC to RecipientAddress.,Send,"('USDC', 'RecipientAddress')"
Is it possible to send Amount ETH to RecipientAddress?,Send,"('ETH', 'RecipientAddress')"
I'm planning to send Amount MATIC to RecipientAddress.,Send,"('MATIC', 'RecipientAddress')"
Send Amount ETH from my wallet to RecipientAddress.,Send,"('ETH', 'RecipientAddress')"
I'm looking to swap MATIC and BTC.,Swap,"('MATIC', 'BTC')"
Send Amount ETH from my wallet to RecipientAddress.,Send,"('ETH', 'RecipientAddress')"
Can I transfer Amount MATIC to RecipientAddress?,Send,"('MATIC', 'RecipientAddress')"
Swap ETH and give me USDT.,Swap,"('ETH', 'USDT')"
Transfer Amount USDC to RecipientAddress.,Send,"('USDC', 'RecipientAddress')"
Can I transfer Amount MATIC to RecipientAddress?,Send,"('MATIC', 'RecipientAddress')"
Let's initiate a transaction: Amount USDC to RecipientAddress.,Send,"('USDC', 'RecipientAddress')"
Give me BTC in exchange for MATIC.,Swap,"('MATIC', 'BTC')"
Transfer Amount ETH to RecipientAddress.,Send,"('ETH', 'RecipientAddress')"
Let's initiate a transaction: Amount ETH to RecipientAddress.,Send,"('ETH', 'RecipientAddress')"
I'm looking to swap USDC and BTC.,Swap,"('USDC', 'BTC')"
Is it possible to send Amount MATIC to RecipientAddress?,Send,"('MATIC', 'RecipientAddress')"
Let's initiate a transaction: Amount USDT to RecipientAddress.,Send,"('USDT', 'RecipientAddress')"
I'm looking to swap BTC and USDC.,Swap,"('BTC', 'USDC')"
I would like to exchange USDT with USDC.,Swap,"('USDT', 'USDC')"
I need to trade ETH for USDT.,Swap,"('ETH', 'USDT')"
I'm planning to send Amount BTC to RecipientAddress.,Send,"('BTC', 'RecipientAddress')"
I'm planning to send Amount MATIC to RecipientAddress.,Send,"('MATIC', 'RecipientAddress')"
I need to dispatch Amount ETH to RecipientAddress.,Send,"('ETH', 'RecipientAddress')"
I would like to exchange ETH with USDC.,Swap,"('ETH', 'USDC')"
Is it possible to send Amount BTC to RecipientAddress?,Send,"('BTC', 'RecipientAddress')"
"Exchange ETH with BTC, please.",Swap,"('BTC', 'ETH')"
Can I exchange BTC for MATIC?,Swap,"('MATIC', 'BTC')"
Let's initiate a transaction: Amount MATIC to RecipientAddress.,Send,"('MATIC', 'RecipientAddress')"
Is it possible to swap BTC with USDT?,Swap,"('USDT', 'BTC')"
I'm planning to send Amount USDC to RecipientAddress.,Send,"('USDC', 'RecipientAddress')"
"Exchange MATIC with ETH, please.",Swap,"('ETH', 'MATIC')"
Is it possible to swap MATIC with ETH?,Swap,"('ETH', 'MATIC')"
I'm planning to send Amount BTC to RecipientAddress.,Send,"('BTC', 'RecipientAddress')"
Let's trade USDT for BTC.,Swap,"('BTC', 'USDT')"
Let's initiate a transaction: Amount MATIC to RecipientAddress.,Send,"('MATIC', 'RecipientAddress')"
Swap ETH and give me USDC.,Swap,"('ETH', 'USDC')"
I'm planning to send Amount BTC to RecipientAddress.,Send,"('BTC', 'RecipientAddress')"
Swap USDC for BTC at the best rate.,Swap,"('USDC', 'BTC')"
I'm looking to swap MATIC and USDT.,Swap,"('MATIC', 'USDT')"
I need to trade BTC for USDC.,Swap,"('BTC', 'USDC')"
I'm looking to swap ETH and USDT.,Swap,"('ETH', 'USDT')"
Swap ETH and give me USDC.,Swap,"('ETH', 'USDC')"
I need to dispatch Amount ETH to RecipientAddress.,Send,"('ETH', 'RecipientAddress')"
Send Amount USDC from my wallet to RecipientAddress.,Send,"('USDC', 'RecipientAddress')"
I'm looking to swap BTC and USDT.,Swap,"('BTC', 'USDT')"
Is it possible to send Amount USDC to RecipientAddress?,Send,"('USDC', 'RecipientAddress')"
I would like to exchange USDC with USDT.,Swap,"('USDC', 'USDT')"
Can I exchange ETH for BTC?,Swap,"('BTC', 'ETH')"
I want to swap my ETH with the best possible amount of MATIC.,Swap,"('ETH', 'MATIC')"
Can I transfer Amount ETH to RecipientAddress?,Send,"('ETH', 'RecipientAddress')"
I need to dispatch Amount USDC to RecipientAddress.,Send,"('USDC', 'RecipientAddress')"
Give me MATIC in exchange for ETH.,Swap,"('ETH', 'MATIC')"
I need to dispatch Amount BTC to RecipientAddress.,Send,"('BTC', 'RecipientAddress')"
I need to dispatch Amount MATIC to RecipientAddress.,Send,"('MATIC', 'RecipientAddress')"
Can I exchange USDT for USDC?,Swap,"('USDC', 'USDT')"
Is it possible to send Amount USDC to RecipientAddress?,Send,"('USDC', 'RecipientAddress')"
I need to dispatch Amount BTC to RecipientAddress.,Send,"('BTC', 'RecipientAddress')"
Can I transfer Amount USDT to RecipientAddress?,Send,"('USDT', 'RecipientAddress')"
Can I transfer Amount MATIC to RecipientAddress?,Send,"('MATIC', 'RecipientAddress')"
Swap USDT and give me MATIC.,Swap,"('USDT', 'MATIC')"
I want to swap ETH with BTC.,Swap,"('ETH', 'BTC')"
I would like to exchange ETH with USDT.,Swap,"('ETH', 'USDT')"
Can I transfer Amount BTC to RecipientAddress?,Send,"('BTC', 'RecipientAddress')"
I want to swap my MATIC with the best possible amount of USDC.,Swap,"('MATIC', 'USDC')"
I would like to exchange MATIC with ETH.,Swap,"('MATIC', 'ETH')"
Can I exchange BTC for MATIC?,Swap,"('MATIC', 'BTC')"
"Exchange ETH with MATIC, please.",Swap,"('MATIC', 'ETH')"
I want to swap my USDT with the best possible amount of BTC.,Swap,"('USDT', 'BTC')"
Swap USDC and give me USDT.,Swap,"('USDC', 'USDT')"
Let's trade USDC for USDT.,Swap,"('USDT', 'USDC')"
Transfer Amount USDC to RecipientAddress.,Send,"('USDC', 'RecipientAddress')"
Is it possible to send Amount USDC to RecipientAddress?,Send,"('USDC', 'RecipientAddress')"
Transfer Amount MATIC to RecipientAddress.,Send,"('MATIC', 'RecipientAddress')"
Send Amount USDT from my wallet to RecipientAddress.,Send,"('USDT', 'RecipientAddress')"
Can I exchange ETH for USDT?,Swap,"('USDT', 'ETH')"
Can I exchange USDC for MATIC?,Swap,"('MATIC', 'USDC')"
Can I exchange USDC for MATIC?,Swap,"('MATIC', 'USDC')"
Transfer Amount USDC to RecipientAddress.,Send,"('USDC', 'RecipientAddress')"
Let's initiate a transaction: Amount MATIC to RecipientAddress.,Send,"('MATIC', 'RecipientAddress')"
"Exchange USDC with ETH, please.",Swap,"('ETH', 'USDC')"
Send Amount USDC from my wallet to RecipientAddress.,Send,"('USDC', 'RecipientAddress')"
I'm looking to swap MATIC and BTC.,Swap,"('MATIC', 'BTC')"
I want to swap USDC with USDT.,Swap,"('USDC', 'USDT')"
Is it possible to swap USDT with ETH?,Swap,"('ETH', 'USDT')"
"Exchange BTC with MATIC, please.",Swap,"('MATIC', 'BTC')"
Is it possible to send Amount USDC to RecipientAddress?,Send,"('USDC', 'RecipientAddress')"
I want to swap my USDC with the best possible amount of ETH.,Swap,"('USDC', 'ETH')"
Let's initiate a transaction: Amount BTC to RecipientAddress.,Send,"('BTC', 'RecipientAddress')"
Can I transfer Amount USDT to RecipientAddress?,Send,"('USDT', 'RecipientAddress')"
Transfer Amount ETH to RecipientAddress.,Send,"('ETH', 'RecipientAddress')"
Transfer Amount MATIC to RecipientAddress.,Send,"('MATIC', 'RecipientAddress')"
I'm planning to send Amount BTC to RecipientAddress.,Send,"('BTC', 'RecipientAddress')"
I want to send Amount USDT to RecipientAddress.,Send,"('USDT', 'RecipientAddress')"
Let's initiate a transaction: Amount BTC to RecipientAddress.,Send,"('BTC', 'RecipientAddress')"
Let's trade USDT for MATIC.,Swap,"('MATIC', 'USDT')"
I need to trade USDC for BTC.,Swap,"('USDC', 'BTC')"
I want to send Amount USDC to RecipientAddress.,Send,"('USDC', 'RecipientAddress')"
Is it possible to swap BTC with USDC?,Swap,"('USDC', 'BTC')"
Is it possible to send Amount ETH to RecipientAddress?,Send,"('ETH', 'RecipientAddress')"
Can I exchange MATIC for USDT?,Swap,"('USDT', 'MATIC')"
I need to dispatch Amount ETH to RecipientAddress.,Send,"('ETH', 'RecipientAddress')"
Send Amount USDT from my wallet to RecipientAddress.,Send,"('USDT', 'RecipientAddress')"
Is it possible to send Amount ETH to RecipientAddress?,Send,"('ETH', 'RecipientAddress')"
Is it possible to send Amount ETH to RecipientAddress?,Send,"('ETH', 'RecipientAddress')"
Transfer Amount BTC to RecipientAddress.,Send,"('BTC', 'RecipientAddress')"
I want to swap my ETH with the best possible amount of BTC.,Swap,"('ETH', 'BTC')"
I want to swap my ETH with the best possible amount of BTC.,Swap,"('ETH', 'BTC')"
I want to send Amount USDT to RecipientAddress.,Send,"('USDT', 'RecipientAddress')"
Send Amount MATIC from my wallet to RecipientAddress.,Send,"('MATIC', 'RecipientAddress')"
Can I transfer Amount ETH to RecipientAddress?,Send,"('ETH', 'RecipientAddress')"
Let's initiate a transaction: Amount ETH to RecipientAddress.,Send,"('ETH', 'RecipientAddress')"
I need to dispatch Amount ETH to RecipientAddress.,Send,"('ETH', 'RecipientAddress')"
I need to trade ETH for USDC.,Swap,"('ETH', 'USDC')"
Is it possible to send Amount ETH to RecipientAddress?,Send,"('ETH', 'RecipientAddress')"
Send Amount USDT from my wallet to RecipientAddress.,Send,"('USDT', 'RecipientAddress')"
Can I exchange ETH for USDT?,Swap,"('USDT', 'ETH')"
Can I transfer Amount BTC to RecipientAddress?,Send,"('BTC', 'RecipientAddress')"
Let's initiate a transaction: Amount MATIC to RecipientAddress.,Send,"('MATIC', 'RecipientAddress')"
I would like to exchange USDT with USDC.,Swap,"('USDT', 'USDC')"
I'm looking to swap USDT and MATIC.,Swap,"('USDT', 'MATIC')"
Is it possible to send Amount USDT to RecipientAddress?,Send,"('USDT', 'RecipientAddress')"
Swap MATIC for BTC at the best rate.,Swap,"('MATIC', 'BTC')"
I'm looking to swap USDC and BTC.,Swap,"('USDC', 'BTC')"
I want to swap my USDT with the best possible amount of USDC.,Swap,"('USDT', 'USDC')"
I need to dispatch Amount MATIC to RecipientAddress.,Send,"('MATIC', 'RecipientAddress')"
I want to swap my ETH with the best possible amount of USDC.,Swap,"('ETH', 'USDC')"
I'm planning to send Amount USDC to RecipientAddress.,Send,"('USDC', 'RecipientAddress')"
Let's trade BTC for MATIC.,Swap,"('MATIC', 'BTC')"
I would like to exchange MATIC with USDT.,Swap,"('MATIC', 'USDT')"
Swap ETH for BTC at the best rate.,Swap,"('ETH', 'BTC')"
Is it possible to swap MATIC with USDC?,Swap,"('USDC', 'MATIC')"
I want to send Amount USDC to RecipientAddress.,Send,"('USDC', 'RecipientAddress')"
Let's initiate a transaction: Amount USDT to RecipientAddress.,Send,"('USDT', 'RecipientAddress')"
Is it possible to send Amount ETH to RecipientAddress?,Send,"('ETH', 'RecipientAddress')"
I'm planning to send Amount ETH to RecipientAddress.,Send,"('ETH', 'RecipientAddress')"
Can I exchange ETH for BTC?,Swap,"('BTC', 'ETH')"
I want to send Amount USDT to RecipientAddress.,Send,"('USDT', 'RecipientAddress')"
Transfer Amount USDC to RecipientAddress.,Send,"('USDC', 'RecipientAddress')"
I need to trade ETH for USDT.,Swap,"('ETH', 'USDT')"
I need to trade USDT for MATIC.,Swap,"('USDT', 'MATIC')"
"Exchange ETH with USDT, please.",Swap,"('USDT', 'ETH')"
Can I transfer Amount USDC to RecipientAddress?,Send,"('USDC', 'RecipientAddress')"
Is it possible to send Amount MATIC to RecipientAddress?,Send,"('MATIC', 'RecipientAddress')"
Let's trade MATIC for ETH.,Swap,"('ETH', 'MATIC')"
I need to dispatch Amount MATIC to RecipientAddress.,Send,"('MATIC', 'RecipientAddress')"
I'm looking to swap BTC and USDC.,Swap,"('BTC', 'USDC')"
"Exchange USDC with BTC, please.",Swap,"('BTC', 'USDC')"
Swap USDC for ETH at the best rate.,Swap,"('USDC', 'ETH')"
Give me ETH in exchange for USDT.,Swap,"('USDT', 'ETH')"
Send Amount USDT from my wallet to RecipientAddress.,Send,"('USDT', 'RecipientAddress')"
I need to trade BTC for USDC.,Swap,"('BTC', 'USDC')"
I'm looking to swap BTC and MATIC.,Swap,"('BTC', 'MATIC')"
I would like to exchange BTC with ETH.,Swap,"('BTC', 'ETH')"
Give me ETH in exchange for USDC.,Swap,"('USDC', 'ETH')"
Swap ETH for BTC at the best rate.,Swap,"('ETH', 'BTC')"
I'm looking to swap USDC and BTC.,Swap,"('USDC', 'BTC')"
I want to send Amount USDT to RecipientAddress.,Send,"('USDT', 'RecipientAddress')"
I'm planning to send Amount USDT to RecipientAddress.,Send,"('USDT', 'RecipientAddress')"
Can I transfer Amount USDT to RecipientAddress?,Send,"('USDT', 'RecipientAddress')"
Is it possible to send Amount ETH to RecipientAddress?,Send,"('ETH', 'RecipientAddress')"
Can I exchange ETH for MATIC?,Swap,"('MATIC', 'ETH')"
"Exchange BTC with USDT, please.",Swap,"('USDT', 'BTC')"
Can I transfer Amount USDC to RecipientAddress?,Send,"('USDC', 'RecipientAddress')"
Swap BTC and give me USDC.,Swap,"('BTC', 'USDC')"
Give me ETH in exchange for USDT.,Swap,"('USDT', 'ETH')"
Let's trade BTC for USDC.,Swap,"('USDC', 'BTC')"
"Exchange MATIC with BTC, please.",Swap,"('BTC', 'MATIC')"
Let's initiate a transaction: Amount BTC to RecipientAddress.,Send,"('BTC', 'RecipientAddress')"
Is it possible to swap ETH with BTC?,Swap,"('BTC', 'ETH')"
I would like to exchange ETH with USDT.,Swap,"('ETH', 'USDT')"
Is it possible to send Amount MATIC to RecipientAddress?,Send,"('MATIC', 'RecipientAddress')"
I want to send Amount USDC to RecipientAddress.,Send,"('USDC', 'RecipientAddress')"
I'm planning to send Amount USDC to RecipientAddress.,Send,"('USDC', 'RecipientAddress')"
Is it possible to send Amount MATIC to RecipientAddress?,Send,"('MATIC', 'RecipientAddress')"
I'm looking to swap USDC and ETH.,Swap,"('USDC', 'ETH')"
"Exchange ETH with MATIC, please.",Swap,"('MATIC', 'ETH')"
Is it possible to send Amount ETH to RecipientAddress?,Send,"('ETH', 'RecipientAddress')"
I'm looking to swap MATIC and BTC.,Swap,"('MATIC', 'BTC')"
I need to dispatch Amount ETH to RecipientAddress.,Send,"('ETH', 'RecipientAddress')"
Can I transfer Amount BTC to RecipientAddress?,Send,"('BTC', 'RecipientAddress')"
I'm planning to send Amount ETH to RecipientAddress.,Send,"('ETH', 'RecipientAddress')"
I need to dispatch Amount USDT to RecipientAddress.,Send,"('USDT', 'RecipientAddress')"
"Exchange MATIC with BTC, please.",Swap,"('BTC', 'MATIC')"
I need to dispatch Amount MATIC to RecipientAddress.,Send,"('MATIC', 'RecipientAddress')"
Is it possible to send Amount BTC to RecipientAddress?,Send,"('BTC', 'RecipientAddress')"
Send Amount BTC from my wallet to RecipientAddress.,Send,"('BTC', 'RecipientAddress')"
I'm planning to send Amount USDC to RecipientAddress.,Send,"('USDC', 'RecipientAddress')"
I'm planning to send Amount USDT to RecipientAddress.,Send,"('USDT', 'RecipientAddress')"
Let's trade ETH for MATIC.,Swap,"('MATIC', 'ETH')"
I'm planning to send Amount MATIC to RecipientAddress.,Send,"('MATIC', 'RecipientAddress')"
I need to trade USDC for USDT.,Swap,"('USDC', 'USDT')"
Is it possible to swap USDT with MATIC?,Swap,"('MATIC', 'USDT')"
Transfer Amount USDC to RecipientAddress.,Send,"('USDC', 'RecipientAddress')"
I'm looking to swap USDC and USDT.,Swap,"('USDC', 'USDT')"
Let's trade USDC for BTC.,Swap,"('BTC', 'USDC')"
I want to swap USDC with USDT.,Swap,"('USDC', 'USDT')"
Can I transfer Amount USDC to RecipientAddress?,Send,"('USDC', 'RecipientAddress')"
I want to swap USDT with MATIC.,Swap,"('USDT', 'MATIC')"
"Exchange USDC with USDT, please.",Swap,"('USDT', 'USDC')"
I need to trade BTC for ETH.,Swap,"('BTC', 'ETH')"
I would like to exchange USDC with MATIC.,Swap,"('USDC', 'MATIC')"
Is it possible to send Amount ETH to RecipientAddress?,Send,"('ETH', 'RecipientAddress')"
Send Amount ETH from my wallet to RecipientAddress.,Send,"('ETH', 'RecipientAddress')"
I need to dispatch Amount MATIC to RecipientAddress.,Send,"('MATIC', 'RecipientAddress')"
Send Amount USDT from my wallet to RecipientAddress.,Send,"('USDT', 'RecipientAddress')"
I need to trade USDC for BTC.,Swap,"('USDC', 'BTC')"
Can I exchange USDT for USDC?,Swap,"('USDC', 'USDT')"
I need to dispatch Amount USDT to RecipientAddress.,Send,"('USDT', 'RecipientAddress')"
Is it possible to swap ETH with USDC?,Swap,"('USDC', 'ETH')"
Let's trade USDC for ETH.,Swap,"('ETH', 'USDC')"
I want to send Amount ETH to RecipientAddress.,Send,"('ETH', 'RecipientAddress')"
Swap BTC for MATIC at the best rate.,Swap,"('BTC', 'MATIC')"
I want to swap MATIC with USDC.,Swap,"('MATIC', 'USDC')"
Transfer Amount USDT to RecipientAddress.,Send,"('USDT', 'RecipientAddress')"
Transfer Amount MATIC to RecipientAddress.,Send,"('MATIC', 'RecipientAddress')"
Transfer Amount BTC to RecipientAddress.,Send,"('BTC', 'RecipientAddress')"
Let's trade USDT for USDC.,Swap,"('USDC', 'USDT')"
Swap BTC for ETH at the best rate.,Swap,"('BTC', 'ETH')"
Send Amount MATIC from my wallet to RecipientAddress.,Send,"('MATIC', 'RecipientAddress')"
I want to send Amount USDC to RecipientAddress.,Send,"('USDC', 'RecipientAddress')"
I would like to exchange ETH with BTC.,Swap,"('ETH', 'BTC')"
Swap MATIC and give me USDT.,Swap,"('MATIC', 'USDT')"
Give me USDC in exchange for MATIC.,Swap,"('MATIC', 'USDC')"
I need to trade USDC for ETH.,Swap,"('USDC', 'ETH')"
Swap BTC and give me MATIC.,Swap,"('BTC', 'MATIC')"
Let's trade MATIC for USDT.,Swap,"('USDT', 'MATIC')"
I would like to exchange MATIC with BTC.,Swap,"('MATIC', 'BTC')"
I want to send Amount MATIC to RecipientAddress.,Send,"('MATIC', 'RecipientAddress')"
Let's trade BTC for USDT.,Swap,"('USDT', 'BTC')"
I want to swap my BTC with the best possible amount of USDT.,Swap,"('BTC', 'USDT')"
I'm planning to send Amount USDT to RecipientAddress.,Send,"('USDT', 'RecipientAddress')"
I need to dispatch Amount BTC to RecipientAddress.,Send,"('BTC', 'RecipientAddress')"
Swap USDC and give me MATIC.,Swap,"('USDC', 'MATIC')"
I need to trade USDT for USDC.,Swap,"('USDT', 'USDC')"
Let's initiate a transaction: Amount USDT to RecipientAddress.,Send,"('USDT', 'RecipientAddress')"
I need to dispatch Amount ETH to RecipientAddress.,Send,"('ETH', 'RecipientAddress')"
Can I exchange USDT for MATIC?,Swap,"('MATIC', 'USDT')"
Send Amount ETH from my wallet to RecipientAddress.,Send,"('ETH', 'RecipientAddress')"
Transfer Amount BTC to RecipientAddress.,Send,"('BTC', 'RecipientAddress')"
I want to swap my USDC with the best possible amount of BTC.,Swap,"('USDC', 'BTC')"
Let's initiate a transaction: Amount USDT to RecipientAddress.,Send,"('USDT', 'RecipientAddress')"
I'm looking to swap USDC and USDT.,Swap,"('USDC', 'USDT')"
I want to swap ETH with BTC.,Swap,"('ETH', 'BTC')"
I need to dispatch Amount ETH to RecipientAddress.,Send,"('ETH', 'RecipientAddress')"
Swap ETH and give me USDT.,Swap,"('ETH', 'USDT')"
Let's trade MATIC for BTC.,Swap,"('BTC', 'MATIC')"
I want to send Amount ETH to RecipientAddress.,Send,"('ETH', 'RecipientAddress')"
Let's trade USDT for ETH.,Swap,"('ETH', 'USDT')"
I need to trade MATIC for BTC.,Swap,"('MATIC', 'BTC')"
I need to dispatch Amount MATIC to RecipientAddress.,Send,"('MATIC', 'RecipientAddress')"
Can I transfer Amount ETH to RecipientAddress?,Send,"('ETH', 'RecipientAddress')"
Let's initiate a transaction: Amount USDC to RecipientAddress.,Send,"('USDC', 'RecipientAddress')"
Is it possible to send Amount MATIC to RecipientAddress?,Send,"('MATIC', 'RecipientAddress')"
I need to dispatch Amount USDT to RecipientAddress.,Send,"('USDT', 'RecipientAddress')"
I need to trade ETH for MATIC.,Swap,"('ETH', 'MATIC')"
I want to send Amount ETH to RecipientAddress.,Send,"('ETH', 'RecipientAddress')"
Is it possible to send Amount ETH to RecipientAddress?,Send,"('ETH', 'RecipientAddress')"
I would like to exchange USDT with MATIC.,Swap,"('USDT', 'MATIC')"
Swap MATIC for USDT at the best rate.,Swap,"('MATIC', 'USDT')"
Transfer Amount USDC to RecipientAddress.,Send,"('USDC', 'RecipientAddress')"
I'm planning to send Amount USDT to RecipientAddress.,Send,"('USDT', 'RecipientAddress')"
Is it possible to swap USDC with ETH?,Swap,"('ETH', 'USDC')"
Can I transfer Amount USDC to RecipientAddress?,Send,"('USDC', 'RecipientAddress')"
I need to trade ETH for MATIC.,Swap,"('ETH', 'MATIC')"
Is it possible to send Amount ETH to RecipientAddress?,Send,"('ETH', 'RecipientAddress')"
I want to swap USDC with BTC.,Swap,"('USDC', 'BTC')"
Can I exchange USDT for MATIC?,Swap,"('MATIC', 'USDT')"
I need to dispatch Amount USDC to RecipientAddress.,Send,"('USDC', 'RecipientAddress')"
Transfer Amount BTC to RecipientAddress.,Send,"('BTC', 'RecipientAddress')"
I need to dispatch Amount MATIC to RecipientAddress.,Send,"('MATIC', 'RecipientAddress')"
I want to swap USDC with ETH.,Swap,"('USDC', 'ETH')"
I want to swap my BTC with the best possible amount of MATIC.,Swap,"('BTC', 'MATIC')"
Is it possible to swap MATIC with BTC?,Swap,"('BTC', 'MATIC')"
Transfer Amount USDC to RecipientAddress.,Send,"('USDC', 'RecipientAddress')"
Transfer Amount BTC to RecipientAddress.,Send,"('BTC', 'RecipientAddress')"
Swap BTC and give me MATIC.,Swap,"('BTC', 'MATIC')"
Transfer Amount ETH to RecipientAddress.,Send,"('ETH', 'RecipientAddress')"
I would like to exchange MATIC with USDC.,Swap,"('MATIC', 'USDC')"
Transfer Amount MATIC to RecipientAddress.,Send,"('MATIC', 'RecipientAddress')"
I'm planning to send Amount USDT to RecipientAddress.,Send,"('USDT', 'RecipientAddress')"
I want to send Amount USDC to RecipientAddress.,Send,"('USDC', 'RecipientAddress')"
Is it possible to send Amount MATIC to RecipientAddress?,Send,"('MATIC', 'RecipientAddress')"
Is it possible to swap MATIC with USDC?,Swap,"('USDC', 'MATIC')"
I would like to exchange USDC with MATIC.,Swap,"('USDC', 'MATIC')"
Is it possible to send Amount ETH to RecipientAddress?,Send,"('ETH', 'RecipientAddress')"
I need to dispatch Amount USDT to RecipientAddress.,Send,"('USDT', 'RecipientAddress')"
Can I transfer Amount MATIC to RecipientAddress?,Send,"('MATIC', 'RecipientAddress')"
"Exchange BTC with USDT, please.",Swap,"('USDT', 'BTC')"
I want to swap my ETH with the best possible amount of USDC.,Swap,"('ETH', 'USDC')"
I need to dispatch Amount USDT to RecipientAddress.,Send,"('USDT', 'RecipientAddress')"
I'm looking to swap MATIC and USDC.,Swap,"('MATIC', 'USDC')"
Send Amount MATIC from my wallet to RecipientAddress.,Send,"('MATIC', 'RecipientAddress')"
I need to trade MATIC for USDT.,Swap,"('MATIC', 'USDT')"
Transfer Amount MATIC to RecipientAddress.,Send,"('MATIC', 'RecipientAddress')"
Can I transfer Amount USDC to RecipientAddress?,Send,"('USDC', 'RecipientAddress')"
Give me USDT in exchange for BTC.,Swap,"('BTC', 'USDT')"
Swap BTC and give me MATIC.,Swap,"('BTC', 'MATIC')"
I need to trade ETH for BTC.,Swap,"('ETH', 'BTC')"
I would like to exchange BTC with MATIC.,Swap,"('BTC', 'MATIC')"
I'm looking to swap ETH and MATIC.,Swap,"('ETH', 'MATIC')"
I need to dispatch Amount USDC to RecipientAddress.,Send,"('USDC', 'RecipientAddress')"
Swap USDT for USDC at the best rate.,Swap,"('USDT', 'USDC')"
I want to swap my BTC with the best possible amount of USDT.,Swap,"('BTC', 'USDT')"
Send Amount BTC from my wallet to RecipientAddress.,Send,"('BTC', 'RecipientAddress')"
Is it possible to send Amount ETH to RecipientAddress?,Send,"('ETH', 'RecipientAddress')"
Is it possible to swap MATIC with USDC?,Swap,"('USDC', 'MATIC')"
I want to send Amount BTC to RecipientAddress.,Send,"('BTC', 'RecipientAddress')"
Can I exchange BTC for MATIC?,Swap,"('MATIC', 'BTC')"
I want to send Amount MATIC to RecipientAddress.,Send,"('MATIC', 'RecipientAddress')"
I want to swap USDT with BTC.,Swap,"('USDT', 'BTC')"
Is it possible to send Amount USDC to RecipientAddress?,Send,"('USDC', 'RecipientAddress')"
Can I transfer Amount USDT to RecipientAddress?,Send,"('USDT', 'RecipientAddress')"
Give me MATIC in exchange for ETH.,Swap,"('ETH', 'MATIC')"
I want to send Amount MATIC to RecipientAddress.,Send,"('MATIC', 'RecipientAddress')"
Give me USDT in exchange for MATIC.,Swap,"('MATIC', 'USDT')"
I need to trade BTC for USDC.,Swap,"('BTC', 'USDC')"
Transfer Amount ETH to RecipientAddress.,Send,"('ETH', 'RecipientAddress')"
Let's initiate a transaction: Amount MATIC to RecipientAddress.,Send,"('MATIC', 'RecipientAddress')"
I need to dispatch Amount USDT to RecipientAddress.,Send,"('USDT', 'RecipientAddress')"
I need to dispatch Amount ETH to RecipientAddress.,Send,"('ETH', 'RecipientAddress')"
I need to trade MATIC for USDT.,Swap,"('MATIC', 'USDT')"
Is it possible to swap ETH with USDT?,Swap,"('USDT', 'ETH')"
I'm looking to swap USDT and ETH.,Swap,"('USDT', 'ETH')"
Let's initiate a transaction: Amount BTC to RecipientAddress.,Send,"('BTC', 'RecipientAddress')"
Transfer Amount ETH to RecipientAddress.,Send,"('ETH', 'RecipientAddress')"
Let's trade ETH for USDC.,Swap,"('USDC', 'ETH')"
Swap ETH for USDT at the best rate.,Swap,"('ETH', 'USDT')"
Transfer Amount USDC to RecipientAddress.,Send,"('USDC', 'RecipientAddress')"
Swap USDC and give me BTC.,Swap,"('USDC', 'BTC')"
Send Amount MATIC from my wallet to RecipientAddress.,Send,"('MATIC', 'RecipientAddress')"
I want to send Amount USDT to RecipientAddress.,Send,"('USDT', 'RecipientAddress')"
I'm looking to swap BTC and MATIC.,Swap,"('BTC', 'MATIC')"
I'm planning to send Amount USDC to RecipientAddress.,Send,"('USDC', 'RecipientAddress')"
I'm planning to send Amount BTC to RecipientAddress.,Send,"('BTC', 'RecipientAddress')"
Can I transfer Amount USDT to RecipientAddress?,Send,"('USDT', 'RecipientAddress')"
I want to swap my MATIC with the best possible amount of ETH.,Swap,"('MATIC', 'ETH')"
I need to dispatch Amount ETH to RecipientAddress.,Send,"('ETH', 'RecipientAddress')"
Swap MATIC for ETH at the best rate.,Swap,"('MATIC', 'ETH')"
I want to send Amount BTC to RecipientAddress.,Send,"('BTC', 'RecipientAddress')"
"Exchange USDT with MATIC, please.",Swap,"('MATIC', 'USDT')"
Is it possible to swap MATIC with USDC?,Swap,"('USDC', 'MATIC')"
I need to dispatch Amount BTC to RecipientAddress.,Send,"('BTC', 'RecipientAddress')"
Can I transfer Amount ETH to RecipientAddress?,Send,"('ETH', 'RecipientAddress')"
I'm planning to send Amount BTC to RecipientAddress.,Send,"('BTC', 'RecipientAddress')"
I'm looking to swap ETH and USDC.,Swap,"('ETH', 'USDC')"
I need to trade BTC for ETH.,Swap,"('BTC', 'ETH')"
Transfer Amount BTC to RecipientAddress.,Send,"('BTC', 'RecipientAddress')"
Is it possible to send Amount MATIC to RecipientAddress?,Send,"('MATIC', 'RecipientAddress')"
I need to dispatch Amount ETH to RecipientAddress.,Send,"('ETH', 'RecipientAddress')"
I need to dispatch Amount MATIC to RecipientAddress.,Send,"('MATIC', 'RecipientAddress')"
Swap USDT and give me MATIC.,Swap,"('USDT', 'MATIC')"
I need to trade BTC for USDT.,Swap,"('BTC', 'USDT')"
I want to swap my MATIC with the best possible amount of ETH.,Swap,"('MATIC', 'ETH')"
Is it possible to swap MATIC with ETH?,Swap,"('ETH', 'MATIC')"
I want to swap USDC with MATIC.,Swap,"('USDC', 'MATIC')"
Is it possible to send Amount BTC to RecipientAddress?,Send,"('BTC', 'RecipientAddress')"
Swap MATIC and give me BTC.,Swap,"('MATIC', 'BTC')"
Is it possible to send Amount BTC to RecipientAddress?,Send,"('BTC', 'RecipientAddress')"
I want to swap MATIC with BTC.,Swap,"('MATIC', 'BTC')"
Transfer Amount USDC to RecipientAddress.,Send,"('USDC', 'RecipientAddress')"
Let's trade MATIC for ETH.,Swap,"('ETH', 'MATIC')"
Is it possible to send Amount USDT to RecipientAddress?,Send,"('USDT', 'RecipientAddress')"
Can I exchange BTC for MATIC?,Swap,"('MATIC', 'BTC')"
Transfer Amount USDT to RecipientAddress.,Send,"('USDT', 'RecipientAddress')"
I want to swap ETH with MATIC.,Swap,"('ETH', 'MATIC')"
Is it possible to swap MATIC with BTC?,Swap,"('BTC', 'MATIC')"
I want to swap BTC with USDC.,Swap,"('BTC', 'USDC')"
I want to send Amount USDT to RecipientAddress.,Send,"('USDT', 'RecipientAddress')"
"Exchange USDT with BTC, please.",Swap,"('BTC', 'USDT')"
I would like to exchange BTC with ETH.,Swap,"('BTC', 'ETH')"
I want to send Amount MATIC to RecipientAddress.,Send,"('MATIC', 'RecipientAddress')"
Send Amount ETH from my wallet to RecipientAddress.,Send,"('ETH', 'RecipientAddress')"
Transfer Amount USDC to RecipientAddress.,Send,"('USDC', 'RecipientAddress')"
Can I exchange USDT for ETH?,Swap,"('ETH', 'USDT')"
I want to swap USDC with MATIC.,Swap,"('USDC', 'MATIC')"
Can I exchange BTC for USDC?,Swap,"('USDC', 'BTC')"
Is it possible to swap BTC with USDC?,Swap,"('USDC', 'BTC')"
I need to dispatch Amount USDT to RecipientAddress.,Send,"('USDT', 'RecipientAddress')"
I need to dispatch Amount USDT to RecipientAddress.,Send,"('USDT', 'RecipientAddress')"
Is it possible to send Amount ETH to RecipientAddress?,Send,"('ETH', 'RecipientAddress')"
I want to send Amount USDC to RecipientAddress.,Send,"('USDC', 'RecipientAddress')"
I would like to exchange USDT with BTC.,Swap,"('USDT', 'BTC')"
Let's trade USDC for ETH.,Swap,"('ETH', 'USDC')"
I want to swap my USDT with the best possible amount of BTC.,Swap,"('USDT', 'BTC')"
Give me USDT in exchange for MATIC.,Swap,"('MATIC', 'USDT')"
I want to send Amount BTC to RecipientAddress.,Send,"('BTC', 'RecipientAddress')"
I'm planning to send Amount USDT to RecipientAddress.,Send,"('USDT', 'RecipientAddress')"
Is it possible to send Amount MATIC to RecipientAddress?,Send,"('MATIC', 'RecipientAddress')"
I'm planning to send Amount USDC to RecipientAddress.,Send,"('USDC', 'RecipientAddress')"
I need to dispatch Amount USDC to RecipientAddress.,Send,"('USDC', 'RecipientAddress')"
Swap ETH and give me BTC.,Swap,"('ETH', 'BTC')"
I need to trade MATIC for USDT.,Swap,"('MATIC', 'USDT')"
Transfer Amount USDT to RecipientAddress.,Send,"('USDT', 'RecipientAddress')"
"Exchange MATIC with USDT, please.",Swap,"('USDT', 'MATIC')"
Is it possible to send Amount ETH to RecipientAddress?,Send,"('ETH', 'RecipientAddress')"
Is it possible to swap MATIC with USDT?,Swap,"('USDT', 'MATIC')"
I need to dispatch Amount USDC to RecipientAddress.,Send,"('USDC', 'RecipientAddress')"
Let's initiate a transaction: Amount USDC to RecipientAddress.,Send,"('USDC', 'RecipientAddress')"
I need to dispatch Amount BTC to RecipientAddress.,Send,"('BTC', 'RecipientAddress')"
I want to swap my MATIC with the best possible amount of USDC.,Swap,"('MATIC', 'USDC')"
I want to swap ETH with USDC.,Swap,"('ETH', 'USDC')"
Swap MATIC and give me USDT.,Swap,"('MATIC', 'USDT')"
I want to swap MATIC with USDT.,Swap,"('MATIC', 'USDT')"
I want to send Amount ETH to RecipientAddress.,Send,"('ETH', 'RecipientAddress')"
Let's initiate a transaction: Amount USDT to RecipientAddress.,Send,"('USDT', 'RecipientAddress')"
Can I exchange ETH for BTC?,Swap,"('BTC', 'ETH')"
I'm planning to send Amount BTC to RecipientAddress.,Send,"('BTC', 'RecipientAddress')"
I need to dispatch Amount USDT to RecipientAddress.,Send,"('USDT', 'RecipientAddress')"
Can I transfer Amount MATIC to RecipientAddress?,Send,"('MATIC', 'RecipientAddress')"
I would like to exchange USDC with ETH.,Swap,"('USDC', 'ETH')"
Let's trade BTC for ETH.,Swap,"('ETH', 'BTC')"
Transfer Amount ETH to RecipientAddress.,Send,"('ETH', 'RecipientAddress')"
Is it possible to send Amount ETH to RecipientAddress?,Send,"('ETH', 'RecipientAddress')"
I'm planning to send Amount ETH to RecipientAddress.,Send,"('ETH', 'RecipientAddress')"
I need to dispatch Amount BTC to RecipientAddress.,Send,"('BTC', 'RecipientAddress')"
Is it possible to send Amount ETH to RecipientAddress?,Send,"('ETH', 'RecipientAddress')"
Is it possible to send Amount BTC to RecipientAddress?,Send,"('BTC', 'RecipientAddress')"
Transfer Amount ETH to RecipientAddress.,Send,"('ETH', 'RecipientAddress')"
Can I transfer Amount ETH to RecipientAddress?,Send,"('ETH', 'RecipientAddress')"
Transfer Amount USDT to RecipientAddress.,Send,"('USDT', 'RecipientAddress')"
I'm looking to swap ETH and BTC.,Swap,"('ETH', 'BTC')"
I want to swap MATIC with BTC.,Swap,"('MATIC', 'BTC')"
I'm planning to send Amount USDC to RecipientAddress.,Send,"('USDC', 'RecipientAddress')"
"Exchange ETH with BTC, please.",Swap,"('BTC', 'ETH')"
"Exchange MATIC with USDC, please.",Swap,"('USDC', 'MATIC')"
Send Amount BTC from my wallet to RecipientAddress.,Send,"('BTC', 'RecipientAddress')"
Is it possible to swap BTC with USDT?,Swap,"('USDT', 'BTC')"
I'm planning to send Amount ETH to RecipientAddress.,Send,"('ETH', 'RecipientAddress')"
Can I transfer Amount MATIC to RecipientAddress?,Send,"('MATIC', 'RecipientAddress')"
Let's initiate a transaction: Amount MATIC to RecipientAddress.,Send,"('MATIC', 'RecipientAddress')"
Let's initiate a transaction: Amount BTC to RecipientAddress.,Send,"('BTC', 'RecipientAddress')"
Is it possible to send Amount USDT to RecipientAddress?,Send,"('USDT', 'RecipientAddress')"
I want to swap USDC with ETH.,Swap,"('USDC', 'ETH')"
I need to trade BTC for USDT.,Swap,"('BTC', 'USDT')"
I want to swap ETH with USDT.,Swap,"('ETH', 'USDT')"
I want to send Amount BTC to RecipientAddress.,Send,"('BTC', 'RecipientAddress')"
Can I exchange USDC for BTC?,Swap,"('BTC', 'USDC')"
Swap MATIC and give me BTC.,Swap,"('MATIC', 'BTC')"
I want to send Amount BTC to RecipientAddress.,Send,"('BTC', 'RecipientAddress')"
I need to dispatch Amount ETH to RecipientAddress.,Send,"('ETH', 'RecipientAddress')"
I need to dispatch Amount USDC to RecipientAddress.,Send,"('USDC', 'RecipientAddress')"
"Exchange USDT with ETH, please.",Swap,"('ETH', 'USDT')"
I want to swap my ETH with the best possible amount of USDC.,Swap,"('ETH', 'USDC')"
I want to swap my MATIC with the best possible amount of BTC.,Swap,"('MATIC', 'BTC')"
Swap BTC and give me USDC.,Swap,"('BTC', 'USDC')"
Let's initiate a transaction: Amount ETH to RecipientAddress.,Send,"('ETH', 'RecipientAddress')"
I'm planning to send Amount USDC to RecipientAddress.,Send,"('USDC', 'RecipientAddress')"
"Exchange USDT with MATIC, please.",Swap,"('MATIC', 'USDT')"
Is it possible to send Amount BTC to RecipientAddress?,Send,"('BTC', 'RecipientAddress')"
Can I transfer Amount ETH to RecipientAddress?,Send,"('ETH', 'RecipientAddress')"
Can I exchange BTC for MATIC?,Swap,"('MATIC', 'BTC')"
I want to send Amount MATIC to RecipientAddress.,Send,"('MATIC', 'RecipientAddress')"
Can I transfer Amount ETH to RecipientAddress?,Send,"('ETH', 'RecipientAddress')"
I need to dispatch Amount USDT to RecipientAddress.,Send,"('USDT', 'RecipientAddress')"
Let's trade USDC for MATIC.,Swap,"('MATIC', 'USDC')"
I'm looking to swap BTC and ETH.,Swap,"('BTC', 'ETH')"
Let's initiate a transaction: Amount USDT to RecipientAddress.,Send,"('USDT', 'RecipientAddress')"
Can I exchange USDC for MATIC?,Swap,"('MATIC', 'USDC')"
Transfer Amount BTC to RecipientAddress.,Send,"('BTC', 'RecipientAddress')"
Is it possible to send Amount USDT to RecipientAddress?,Send,"('USDT', 'RecipientAddress')"
Transfer Amount BTC to RecipientAddress.,Send,"('BTC', 'RecipientAddress')"
Swap BTC for USDT at the best rate.,Swap,"('BTC', 'USDT')"
Is it possible to swap ETH with USDT?,Swap,"('USDT', 'ETH')"
Send Amount ETH from my wallet to RecipientAddress.,Send,"('ETH', 'RecipientAddress')"
I'm planning to send Amount USDT to RecipientAddress.,Send,"('USDT', 'RecipientAddress')"
Give me BTC in exchange for USDT.,Swap,"('USDT', 'BTC')"
I need to trade ETH for USDT.,Swap,"('ETH', 'USDT')"
"Exchange BTC with USDC, please.",Swap,"('USDC', 'BTC')"
Can I transfer Amount MATIC to RecipientAddress?,Send,"('MATIC', 'RecipientAddress')"
I'm looking to swap BTC and MATIC.,Swap,"('BTC', 'MATIC')"
Is it possible to send Amount MATIC to RecipientAddress?,Send,"('MATIC', 'RecipientAddress')"
Give me ETH in exchange for USDC.,Swap,"('USDC', 'ETH')"
I would like to exchange MATIC with USDT.,Swap,"('MATIC', 'USDT')"
Send Amount USDT from my wallet to RecipientAddress.,Send,"('USDT', 'RecipientAddress')"
Is it possible to swap MATIC with BTC?,Swap,"('BTC', 'MATIC')"
Give me USDC in exchange for MATIC.,Swap,"('MATIC', 'USDC')"
Give me USDT in exchange for BTC.,Swap,"('BTC', 'USDT')"
I'm looking to swap USDT and ETH.,Swap,"('USDT', 'ETH')"
Can I transfer Amount ETH to RecipientAddress?,Send,"('ETH', 'RecipientAddress')"
I want to swap BTC with ETH.,Swap,"('BTC', 'ETH')"
I'm planning to send Amount USDC to RecipientAddress.,Send,"('USDC', 'RecipientAddress')"
Swap MATIC and give me ETH.,Swap,"('MATIC', 'ETH')"
Give me USDC in exchange for MATIC.,Swap,"('MATIC', 'USDC')"
"Exchange MATIC with ETH, please.",Swap,"('ETH', 'MATIC')"
Transfer Amount MATIC to RecipientAddress.,Send,"('MATIC', 'RecipientAddress')"
I want to send Amount USDC to RecipientAddress.,Send,"('USDC', 'RecipientAddress')"
Give me USDT in exchange for MATIC.,Swap,"('MATIC', 'USDT')"
I want to swap BTC with MATIC.,Swap,"('BTC', 'MATIC')"
"Exchange ETH with USDT, please.",Swap,"('USDT', 'ETH')"
Swap USDC for USDT at the best rate.,Swap,"('USDC', 'USDT')"
Is it possible to swap USDC with USDT?,Swap,"('USDT', 'USDC')"
I would like to exchange USDT with MATIC.,Swap,"('USDT', 'MATIC')"
I want to send Amount ETH to RecipientAddress.,Send,"('ETH', 'RecipientAddress')"
I'm looking to swap USDT and BTC.,Swap,"('USDT', 'BTC')"
Transfer Amount ETH to RecipientAddress.,Send,"('ETH', 'RecipientAddress')"
I want to send Amount ETH to RecipientAddress.,Send,"('ETH', 'RecipientAddress')"
I'm planning to send Amount ETH to RecipientAddress.,Send,"('ETH', 'RecipientAddress')"
I want to send Amount USDC to RecipientAddress.,Send,"('USDC', 'RecipientAddress')"
"Exchange MATIC with BTC, please.",Swap,"('BTC', 'MATIC')"
I'm looking to swap MATIC and USDC.,Swap,"('MATIC', 'USDC')"
I'm planning to send Amount MATIC to RecipientAddress.,Send,"('MATIC', 'RecipientAddress')"
"Exchange MATIC with USDC, please.",Swap,"('USDC', 'MATIC')"
I need to trade ETH for BTC.,Swap,"('ETH', 'BTC')"
I need to dispatch Amount MATIC to RecipientAddress.,Send,"('MATIC', 'RecipientAddress')"
I would like to exchange USDT with MATIC.,Swap,"('USDT', 'MATIC')"
I want to swap my ETH with the best possible amount of MATIC.,Swap,"('ETH', 'MATIC')"
Transfer Amount USDC to RecipientAddress.,Send,"('USDC', 'RecipientAddress')"
Transfer Amount USDT to RecipientAddress.,Send,"('USDT', 'RecipientAddress')"
I want to swap BTC with USDC.,Swap,"('BTC', 'USDC')"
Is it possible to send Amount MATIC to RecipientAddress?,Send,"('MATIC', 'RecipientAddress')"
I'm planning to send Amount USDC to RecipientAddress.,Send,"('USDC', 'RecipientAddress')"
Send Amount ETH from my wallet to RecipientAddress.,Send,"('ETH', 'RecipientAddress')"
Swap USDC and give me ETH.,Swap,"('USDC', 'ETH')"
"Exchange USDT with USDC, please.",Swap,"('USDC', 'USDT')"
I need to dispatch Amount USDT to RecipientAddress.,Send,"('USDT', 'RecipientAddress')"
I want to swap my ETH with the best possible amount of USDT.,Swap,"('ETH', 'USDT')"
I'm planning to send Amount BTC to RecipientAddress.,Send,"('BTC', 'RecipientAddress')"
I would like to exchange USDT with ETH.,Swap,"('USDT', 'ETH')"
Let's initiate a transaction: Amount USDC to RecipientAddress.,Send,"('USDC', 'RecipientAddress')"
Let's initiate a transaction: Amount MATIC to RecipientAddress.,Send,"('MATIC', 'RecipientAddress')"
I want to swap my BTC with the best possible amount of MATIC.,Swap,"('BTC', 'MATIC')"
I need to dispatch Amount USDT to RecipientAddress.,Send,"('USDT', 'RecipientAddress')"
Swap ETH and give me USDC.,Swap,"('ETH', 'USDC')"
Let's trade BTC for MATIC.,Swap,"('MATIC', 'BTC')"
I'm planning to send Amount MATIC to RecipientAddress.,Send,"('MATIC', 'RecipientAddress')"
I need to dispatch Amount BTC to RecipientAddress.,Send,"('BTC', 'RecipientAddress')"
"Exchange USDC with MATIC, please.",Swap,"('MATIC', 'USDC')"
I need to dispatch Amount BTC to RecipientAddress.,Send,"('BTC', 'RecipientAddress')"
I need to dispatch Amount BTC to RecipientAddress.,Send,"('BTC', 'RecipientAddress')"
Transfer Amount MATIC to RecipientAddress.,Send,"('MATIC', 'RecipientAddress')"
I would like to exchange USDC with MATIC.,Swap,"('USDC', 'MATIC')"
Let's initiate a transaction: Amount MATIC to RecipientAddress.,Send,"('MATIC', 'RecipientAddress')"
Swap BTC for MATIC at the best rate.,Swap,"('BTC', 'MATIC')"
I would like to exchange USDT with USDC.,Swap,"('USDT', 'USDC')"
Transfer Amount USDT to RecipientAddress.,Send,"('USDT', 'RecipientAddress')"
Transfer Amount USDT to RecipientAddress.,Send,"('USDT', 'RecipientAddress')"
Send Amount ETH from my wallet to RecipientAddress.,Send,"('ETH', 'RecipientAddress')"
Transfer Amount USDC to RecipientAddress.,Send,"('USDC', 'RecipientAddress')"
"Exchange USDC with USDT, please.",Swap,"('USDT', 'USDC')"
Swap MATIC for ETH at the best rate.,Swap,"('MATIC', 'ETH')"
Swap BTC and give me USDT.,Swap,"('BTC', 'USDT')"
I want to swap USDC with ETH.,Swap,"('USDC', 'ETH')"
Can I transfer Amount ETH to RecipientAddress?,Send,"('ETH', 'RecipientAddress')"
Is it possible to swap USDC with USDT?,Swap,"('USDT', 'USDC')"
Let's trade BTC for MATIC.,Swap,"('MATIC', 'BTC')"
Transfer Amount USDT to RecipientAddress.,Send,"('USDT', 'RecipientAddress')"
I'm planning to send Amount USDT to RecipientAddress.,Send,"('USDT', 'RecipientAddress')"
Is it possible to swap ETH with USDT?,Swap,"('USDT', 'ETH')"
"Exchange USDT with BTC, please.",Swap,"('BTC', 'USDT')"
Transfer Amount BTC to RecipientAddress.,Send,"('BTC', 'RecipientAddress')"
Let's initiate a transaction: Amount MATIC to RecipientAddress.,Send,"('MATIC', 'RecipientAddress')"
Send Amount USDC from my wallet to RecipientAddress.,Send,"('USDC', 'RecipientAddress')"
Send Amount USDT from my wallet to RecipientAddress.,Send,"('USDT', 'RecipientAddress')"
Can I transfer Amount USDC to RecipientAddress?,Send,"('USDC', 'RecipientAddress')"
Let's initiate a transaction: Amount USDT to RecipientAddress.,Send,"('USDT', 'RecipientAddress')"
Can I transfer Amount MATIC to RecipientAddress?,Send,"('MATIC', 'RecipientAddress')"
I want to swap ETH with MATIC.,Swap,"('ETH', 'MATIC')"
I'm looking to swap USDT and BTC.,Swap,"('USDT', 'BTC')"
I'm planning to send Amount BTC to RecipientAddress.,Send,"('BTC', 'RecipientAddress')"
Swap MATIC and give me USDC.,Swap,"('MATIC', 'USDC')"
Can I exchange USDT for USDC?,Swap,"('USDC', 'USDT')"
I'm planning to send Amount BTC to RecipientAddress.,Send,"('BTC', 'RecipientAddress')"
I want to swap my ETH with the best possible amount of MATIC.,Swap,"('ETH', 'MATIC')"
Let's trade USDT for MATIC.,Swap,"('MATIC', 'USDT')"
I want to swap my USDT with the best possible amount of MATIC.,Swap,"('USDT', 'MATIC')"
I need to trade USDC for BTC.,Swap,"('USDC', 'BTC')"
Can I exchange USDT for BTC?,Swap,"('BTC', 'USDT')"
I want to swap USDC with BTC.,Swap,"('USDC', 'BTC')"
Give me USDC in exchange for MATIC.,Swap,"('MATIC', 'USDC')"
Swap USDC and give me BTC.,Swap,"('USDC', 'BTC')"
Can I transfer Amount ETH to RecipientAddress?,Send,"('ETH', 'RecipientAddress')"
Is it possible to send Amount USDC to RecipientAddress?,Send,"('USDC', 'RecipientAddress')"
Is it possible to swap BTC with USDT?,Swap,"('USDT', 'BTC')"
I need to dispatch Amount MATIC to RecipientAddress.,Send,"('MATIC', 'RecipientAddress')"
Is it possible to send Amount MATIC to RecipientAddress?,Send,"('MATIC', 'RecipientAddress')"
Let's initiate a transaction: Amount ETH to RecipientAddress.,Send,"('ETH', 'RecipientAddress')"
"Exchange USDT with ETH, please.",Swap,"('ETH', 'USDT')"
I'm looking to swap USDT and BTC.,Swap,"('USDT', 'BTC')"
I'm planning to send Amount ETH to RecipientAddress.,Send,"('ETH', 'RecipientAddress')"
Give me USDT in exchange for ETH.,Swap,"('ETH', 'USDT')"
Is it possible to send Amount ETH to RecipientAddress?,Send,"('ETH', 'RecipientAddress')"
I would like to exchange MATIC with USDC.,Swap,"('MATIC', 'USDC')"
I'm planning to send Amount ETH to RecipientAddress.,Send,"('ETH', 'RecipientAddress')"
I want to swap MATIC with ETH.,Swap,"('MATIC', 'ETH')"
I need to dispatch Amount USDT to RecipientAddress.,Send,"('USDT', 'RecipientAddress')"
I want to send Amount USDC to RecipientAddress.,Send,"('USDC', 'RecipientAddress')"
Transfer Amount MATIC to RecipientAddress.,Send,"('MATIC', 'RecipientAddress')"
Is it possible to send Amount USDC to RecipientAddress?,Send,"('USDC', 'RecipientAddress')"
I'm planning to send Amount BTC to RecipientAddress.,Send,"('BTC', 'RecipientAddress')"
I want to swap MATIC with ETH.,Swap,"('MATIC', 'ETH')"
I'm looking to swap USDT and MATIC.,Swap,"('USDT', 'MATIC')"
I'm planning to send Amount MATIC to RecipientAddress.,Send,"('MATIC', 'RecipientAddress')"
I would like to exchange BTC with USDT.,Swap,"('BTC', 'USDT')"
I'm planning to send Amount BTC to RecipientAddress.,Send,"('BTC', 'RecipientAddress')"
I need to trade USDT for ETH.,Swap,"('USDT', 'ETH')"
Send Amount USDT from my wallet to RecipientAddress.,Send,"('USDT', 'RecipientAddress')"
Is it possible to send Amount ETH to RecipientAddress?,Send,"('ETH', 'RecipientAddress')"
Can I exchange USDT for BTC?,Swap,"('BTC', 'USDT')"
Can I transfer Amount USDC to RecipientAddress?,Send,"('USDC', 'RecipientAddress')"
Transfer Amount MATIC to RecipientAddress.,Send,"('MATIC', 'RecipientAddress')"
Swap USDC for MATIC at the best rate.,Swap,"('USDC', 'MATIC')"
Swap ETH and give me BTC.,Swap,"('ETH', 'BTC')"
"Exchange MATIC with BTC, please.",Swap,"('BTC', 'MATIC')"
I'm planning to send Amount USDC to RecipientAddress.,Send,"('USDC', 'RecipientAddress')"
Let's trade MATIC for ETH.,Swap,"('ETH', 'MATIC')"
I would like to exchange USDT with USDC.,Swap,"('USDT', 'USDC')"
Send Amount MATIC from my wallet to RecipientAddress.,Send,"('MATIC', 'RecipientAddress')"
I need to trade USDC for MATIC.,Swap,"('USDC', 'MATIC')"
I'm planning to send Amount USDT to RecipientAddress.,Send,"('USDT', 'RecipientAddress')"
Can I exchange BTC for USDT?,Swap,"('USDT', 'BTC')"
Let's trade BTC for ETH.,Swap,"('ETH', 'BTC')"
Send Amount MATIC from my wallet to RecipientAddress.,Send,"('MATIC', 'RecipientAddress')"
Send Amount USDT from my wallet to RecipientAddress.,Send,"('USDT', 'RecipientAddress')"
I need to trade MATIC for USDC.,Swap,"('MATIC', 'USDC')"
Can I transfer Amount MATIC to RecipientAddress?,Send,"('MATIC', 'RecipientAddress')"
I want to swap MATIC with ETH.,Swap,"('MATIC', 'ETH')"
I'm planning to send Amount USDT to RecipientAddress.,Send,"('USDT', 'RecipientAddress')"
Give me ETH in exchange for USDT.,Swap,"('USDT', 'ETH')"
Send Amount USDC from my wallet to RecipientAddress.,Send,"('USDC', 'RecipientAddress')"
Can I exchange USDT for BTC?,Swap,"('BTC', 'USDT')"
Can I exchange BTC for USDC?,Swap,"('USDC', 'BTC')"
I want to swap my USDT with the best possible amount of ETH.,Swap,"('USDT', 'ETH')"
Swap MATIC for USDC at the best rate.,Swap,"('MATIC', 'USDC')"
I need to trade BTC for ETH.,Swap,"('BTC', 'ETH')"
I want to swap USDT with USDC.,Swap,"('USDT', 'USDC')"
Is it possible to swap BTC with USDC?,Swap,"('USDC', 'BTC')"
Transfer Amount USDT to RecipientAddress.,Send,"('USDT', 'RecipientAddress')"
Is it possible to swap ETH with MATIC?,Swap,"('MATIC', 'ETH')"
"Exchange MATIC with USDT, please.",Swap,"('USDT', 'MATIC')"
"Exchange MATIC with BTC, please.",Swap,"('BTC', 'MATIC')"
Transfer Amount ETH to RecipientAddress.,Send,"('ETH', 'RecipientAddress')"
Send Amount USDC from my wallet to RecipientAddress.,Send,"('USDC', 'RecipientAddress')"
Transfer Amount USDT to RecipientAddress.,Send,"('USDT', 'RecipientAddress')"
Is it possible to send Amount USDT to RecipientAddress?,Send,"('USDT', 'RecipientAddress')"
I'm looking to swap MATIC and BTC.,Swap,"('MATIC', 'BTC')"
Can I transfer Amount USDC to RecipientAddress?,Send,"('USDC', 'RecipientAddress')"
I want to swap BTC with MATIC.,Swap,"('BTC', 'MATIC')"
Transfer Amount USDT to RecipientAddress.,Send,"('USDT', 'RecipientAddress')"
Transfer Amount BTC to RecipientAddress.,Send,"('BTC', 'RecipientAddress')"
I'm looking to swap MATIC and BTC.,Swap,"('MATIC', 'BTC')"
Is it possible to swap ETH with USDT?,Swap,"('USDT', 'ETH')"
Is it possible to send Amount ETH to RecipientAddress?,Send,"('ETH', 'RecipientAddress')"
Swap MATIC and give me BTC.,Swap,"('MATIC', 'BTC')"
Let's trade USDC for USDT.,Swap,"('USDT', 'USDC')"
Swap USDT and give me USDC.,Swap,"('USDT', 'USDC')"
Let's initiate a transaction: Amount USDC to RecipientAddress.,Send,"('USDC', 'RecipientAddress')"
Is it possible to swap MATIC with USDC?,Swap,"('USDC', 'MATIC')"
Can I transfer Amount ETH to RecipientAddress?,Send,"('ETH', 'RecipientAddress')"
I would like to exchange USDT with BTC.,Swap,"('USDT', 'BTC')"
"Exchange USDT with USDC, please.",Swap,"('USDC', 'USDT')"
I want to send Amount BTC to RecipientAddress.,Send,"('BTC', 'RecipientAddress')"
Give me BTC in exchange for MATIC.,Swap,"('MATIC', 'BTC')"
I'm planning to send Amount ETH to RecipientAddress.,Send,"('ETH', 'RecipientAddress')"
I want to send Amount USDT to RecipientAddress.,Send,"('USDT', 'RecipientAddress')"
Send Amount USDC from my wallet to RecipientAddress.,Send,"('USDC', 'RecipientAddress')"
Let's initiate a transaction: Amount MATIC to RecipientAddress.,Send,"('MATIC', 'RecipientAddress')"
Can I exchange ETH for MATIC?,Swap,"('MATIC', 'ETH')"
Can I transfer Amount MATIC to RecipientAddress?,Send,"('MATIC', 'RecipientAddress')"
Let's initiate a transaction: Amount MATIC to RecipientAddress.,Send,"('MATIC', 'RecipientAddress')"
Send Amount BTC from my wallet to RecipientAddress.,Send,"('BTC', 'RecipientAddress')"
I want to send Amount ETH to RecipientAddress.,Send,"('ETH', 'RecipientAddress')"
Send Amount BTC from my wallet to RecipientAddress.,Send,"('BTC', 'RecipientAddress')"
Is it possible to send Amount USDC to RecipientAddress?,Send,"('USDC', 'RecipientAddress')"
I want to swap my MATIC with the best possible amount of BTC.,Swap,"('MATIC', 'BTC')"
I would like to exchange USDC with MATIC.,Swap,"('USDC', 'MATIC')"
Give me MATIC in exchange for ETH.,Swap,"('ETH', 'MATIC')"
I'm looking to swap BTC and ETH.,Swap,"('BTC', 'ETH')"
Transfer Amount USDC to RecipientAddress.,Send,"('USDC', 'RecipientAddress')"
Swap USDT and give me MATIC.,Swap,"('USDT', 'MATIC')"
I'm planning to send Amount ETH to RecipientAddress.,Send,"('ETH', 'RecipientAddress')"
Send Amount ETH from my wallet to RecipientAddress.,Send,"('ETH', 'RecipientAddress')"
"Exchange ETH with MATIC, please.",Swap,"('MATIC', 'ETH')"
I'm looking to swap ETH and MATIC.,Swap,"('ETH', 'MATIC')"
I would like to exchange USDT with BTC.,Swap,"('USDT', 'BTC')"
Give me ETH in exchange for MATIC.,Swap,"('MATIC', 'ETH')"
Let's trade MATIC for USDT.,Swap,"('USDT', 'MATIC')"
Let's initiate a transaction: Amount USDC to RecipientAddress.,Send,"('USDC', 'RecipientAddress')"
Is it possible to swap ETH with USDC?,Swap,"('USDC', 'ETH')"
Send Amount BTC from my wallet to RecipientAddress.,Send,"('BTC', 'RecipientAddress')"
Give me USDT in exchange for ETH.,Swap,"('ETH', 'USDT')"
Let's initiate a transaction: Amount BTC to RecipientAddress.,Send,"('BTC', 'RecipientAddress')"
Is it possible to swap MATIC with BTC?,Swap,"('BTC', 'MATIC')"
I need to dispatch Amount ETH to RecipientAddress.,Send,"('ETH', 'RecipientAddress')"
I need to trade BTC for USDT.,Swap,"('BTC', 'USDT')"
Is it possible to swap ETH with USDT?,Swap,"('USDT', 'ETH')"
I'm looking to swap USDC and BTC.,Swap,"('USDC', 'BTC')"
Send Amount BTC from my wallet to RecipientAddress.,Send,"('BTC', 'RecipientAddress')"
Send Amount USDT from my wallet to RecipientAddress.,Send,"('USDT', 'RecipientAddress')"
Can I transfer Amount ETH to RecipientAddress?,Send,"('ETH', 'RecipientAddress')"
Swap USDT for BTC at the best rate.,Swap,"('USDT', 'BTC')"
Transfer Amount USDT to RecipientAddress.,Send,"('USDT', 'RecipientAddress')"
I want to send Amount BTC to RecipientAddress.,Send,"('BTC', 'RecipientAddress')"
I want to swap my MATIC with the best possible amount of ETH.,Swap,"('MATIC', 'ETH')"
I need to trade ETH for MATIC.,Swap,"('ETH', 'MATIC')"
I'm looking to swap USDT and BTC.,Swap,"('USDT', 'BTC')"
Swap ETH and give me USDT.,Swap,"('ETH', 'USDT')"
Let's trade USDT for MATIC.,Swap,"('MATIC', 'USDT')"
I would like to exchange USDC with BTC.,Swap,"('USDC', 'BTC')"
Swap BTC and give me ETH.,Swap,"('BTC', 'ETH')"
I'm planning to send Amount MATIC to RecipientAddress.,Send,"('MATIC', 'RecipientAddress')"
Send Amount BTC from my wallet to RecipientAddress.,Send,"('BTC', 'RecipientAddress')"
Can I transfer Amount USDC to RecipientAddress?,Send,"('USDC', 'RecipientAddress')"
I want to send Amount MATIC to RecipientAddress.,Send,"('MATIC', 'RecipientAddress')"
Give me BTC in exchange for MATIC.,Swap,"('MATIC', 'BTC')"
I want to send Amount USDT to RecipientAddress.,Send,"('USDT', 'RecipientAddress')"
Let's trade USDT for ETH.,Swap,"('ETH', 'USDT')"
Give me BTC in exchange for USDC.,Swap,"('USDC', 'BTC')"
I'm planning to send Amount MATIC to RecipientAddress.,Send,"('MATIC', 'RecipientAddress')"
I would like to exchange USDT with ETH.,Swap,"('USDT', 'ETH')"
Swap MATIC and give me USDT.,Swap,"('MATIC', 'USDT')"
Let's trade MATIC for USDC.,Swap,"('USDC', 'MATIC')"
I want to send Amount MATIC to RecipientAddress.,Send,"('MATIC', 'RecipientAddress')"
I want to swap my BTC with the best possible amount of ETH.,Swap,"('BTC', 'ETH')"
Transfer Amount BTC to RecipientAddress.,Send,"('BTC', 'RecipientAddress')"
Let's initiate a transaction: Amount ETH to RecipientAddress.,Send,"('ETH', 'RecipientAddress')"
Send Amount USDT from my wallet to RecipientAddress.,Send,"('USDT', 'RecipientAddress')"
I want to swap my USDC with the best possible amount of USDT.,Swap,"('USDC', 'USDT')"
Can I exchange MATIC for BTC?,Swap,"('BTC', 'MATIC')"
I would like to exchange BTC with USDT.,Swap,"('BTC', 'USDT')"
Can I exchange USDT for MATIC?,Swap,"('MATIC', 'USDT')"
Swap USDT and give me BTC.,Swap,"('USDT', 'BTC')"
I want to send Amount USDT to RecipientAddress.,Send,"('USDT', 'RecipientAddress')"
I'm looking to swap USDT and ETH.,Swap,"('USDT', 'ETH')"
I want to send Amount USDC to RecipientAddress.,Send,"('USDC', 'RecipientAddress')"
Can I exchange USDC for BTC?,Swap,"('BTC', 'USDC')"
Swap ETH for USDT at the best rate.,Swap,"('ETH', 'USDT')"
Is it possible to swap MATIC with ETH?,Swap,"('ETH', 'MATIC')"
Let's initiate a transaction: Amount USDC to RecipientAddress.,Send,"('USDC', 'RecipientAddress')"
I want to send Amount BTC to RecipientAddress.,Send,"('BTC', 'RecipientAddress')"
Send Amount ETH from my wallet to RecipientAddress.,Send,"('ETH', 'RecipientAddress')"
Transfer Amount BTC to RecipientAddress.,Send,"('BTC', 'RecipientAddress')"
I would like to exchange ETH with BTC.,Swap,"('ETH', 'BTC')"
Can I transfer Amount BTC to RecipientAddress?,Send,"('BTC', 'RecipientAddress')"
Swap USDT for ETH at the best rate.,Swap,"('USDT', 'ETH')"
Can I transfer Amount ETH to RecipientAddress?,Send,"('ETH', 'RecipientAddress')"
I need to dispatch Amount USDC to RecipientAddress.,Send,"('USDC', 'RecipientAddress')"
I need to dispatch Amount USDT to RecipientAddress.,Send,"('USDT', 'RecipientAddress')"
I want to send Amount ETH to RecipientAddress.,Send,"('ETH', 'RecipientAddress')"
Can I exchange ETH for MATIC?,Swap,"('MATIC', 'ETH')"
Is it possible to swap ETH with USDC?,Swap,"('USDC', 'ETH')"
Transfer Amount USDT to RecipientAddress.,Send,"('USDT', 'RecipientAddress')"
Let's trade USDC for USDT.,Swap,"('USDT', 'USDC')"
Send Amount USDC from my wallet to RecipientAddress.,Send,"('USDC', 'RecipientAddress')"
I'm looking to swap ETH and BTC.,Swap,"('ETH', 'BTC')"
I need to trade USDC for MATIC.,Swap,"('USDC', 'MATIC')"
I'm looking to swap USDC and BTC.,Swap,"('USDC', 'BTC')"
I want to send Amount MATIC to RecipientAddress.,Send,"('MATIC', 'RecipientAddress')"
Transfer Amount USDC to RecipientAddress.,Send,"('USDC', 'RecipientAddress')"
I would like to exchange USDT with MATIC.,Swap,"('USDT', 'MATIC')"
Transfer Amount USDT to RecipientAddress.,Send,"('USDT', 'RecipientAddress')"
I'm looking to swap BTC and MATIC.,Swap,"('BTC', 'MATIC')"
Is it possible to send Amount USDC to RecipientAddress?,Send,"('USDC', 'RecipientAddress')"
I want to send Amount ETH to RecipientAddress.,Send,"('ETH', 'RecipientAddress')"
Transfer Amount BTC to RecipientAddress.,Send,"('BTC', 'RecipientAddress')"
Transfer Amount ETH to RecipientAddress.,Send,"('ETH', 'RecipientAddress')"
Can I transfer Amount USDT to RecipientAddress?,Send,"('USDT', 'RecipientAddress')"
I'm looking to swap USDC and MATIC.,Swap,"('USDC', 'MATIC')"
I need to trade USDT for BTC.,Swap,"('USDT', 'BTC')"
I want to swap BTC with USDT.,Swap,"('BTC', 'USDT')"
Can I transfer Amount USDC to RecipientAddress?,Send,"('USDC', 'RecipientAddress')"
I want to swap BTC with ETH.,Swap,"('BTC', 'ETH')"
Can I transfer Amount ETH to RecipientAddress?,Send,"('ETH', 'RecipientAddress')"
Swap USDC and give me MATIC.,Swap,"('USDC', 'MATIC')"
Swap USDT for USDC at the best rate.,Swap,"('USDT', 'USDC')"
Let's initiate a transaction: Amount USDT to RecipientAddress.,Send,"('USDT', 'RecipientAddress')"
Let's initiate a transaction: Amount ETH to RecipientAddress.,Send,"('ETH', 'RecipientAddress')"
Is it possible to send Amount MATIC to RecipientAddress?,Send,"('MATIC', 'RecipientAddress')"
Is it possible to send Amount BTC to RecipientAddress?,Send,"('BTC', 'RecipientAddress')"
I'm planning to send Amount USDC to RecipientAddress.,Send,"('USDC', 'RecipientAddress')"
Is it possible to swap BTC with USDC?,Swap,"('USDC', 'BTC')"
Swap MATIC for USDT at the best rate.,Swap,"('MATIC', 'USDT')"
Can I transfer Amount USDC to RecipientAddress?,Send,"('USDC', 'RecipientAddress')"
I would like to exchange MATIC with USDT.,Swap,"('MATIC', 'USDT')"
I want to send Amount MATIC to RecipientAddress.,Send,"('MATIC', 'RecipientAddress')"
Swap MATIC and give me USDT.,Swap,"('MATIC', 'USDT')"
Let's initiate a transaction: Amount MATIC to RecipientAddress.,Send,"('MATIC', 'RecipientAddress')"
Is it possible to send Amount USDT to RecipientAddress?,Send,"('USDT', 'RecipientAddress')"
I'm planning to send Amount BTC to RecipientAddress.,Send,"('BTC', 'RecipientAddress')"
I'm planning to send Amount USDT to RecipientAddress.,Send,"('USDT', 'RecipientAddress')"
Send Amount MATIC from my wallet to RecipientAddress.,Send,"('MATIC', 'RecipientAddress')"
Let's initiate a transaction: Amount MATIC to RecipientAddress.,Send,"('MATIC', 'RecipientAddress')"
I want to swap my ETH with the best possible amount of USDC.,Swap,"('ETH', 'USDC')"
Send Amount USDT from my wallet to RecipientAddress.,Send,"('USDT', 'RecipientAddress')"
Can I transfer Amount ETH to RecipientAddress?,Send,"('ETH', 'RecipientAddress')"
I need to trade USDT for BTC.,Swap,"('USDT', 'BTC')"
Is it possible to swap USDT with BTC?,Swap,"('BTC', 'USDT')"
Transfer Amount BTC to RecipientAddress.,Send,"('BTC', 'RecipientAddress')"
I need to dispatch Amount USDC to RecipientAddress.,Send,"('USDC', 'RecipientAddress')"
Is it possible to send Amount BTC to RecipientAddress?,Send,"('BTC', 'RecipientAddress')"
Let's trade ETH for MATIC.,Swap,"('MATIC', 'ETH')"
Transfer Amount ETH to RecipientAddress.,Send,"('ETH', 'RecipientAddress')"
Give me ETH in exchange for MATIC.,Swap,"('MATIC', 'ETH')"
Swap MATIC for ETH at the best rate.,Swap,"('MATIC', 'ETH')"
Send Amount MATIC from my wallet to RecipientAddress.,Send,"('MATIC', 'RecipientAddress')"
Is it possible to send Amount USDC to RecipientAddress?,Send,"('USDC', 'RecipientAddress')"
Is it possible to send Amount USDC to RecipientAddress?,Send,"('USDC', 'RecipientAddress')"
Let's initiate a transaction: Amount USDT to RecipientAddress.,Send,"('USDT', 'RecipientAddress')"
Is it possible to send Amount ETH to RecipientAddress?,Send,"('ETH', 'RecipientAddress')"
Let's initiate a transaction: Amount ETH to RecipientAddress.,Send,"('ETH', 'RecipientAddress')"
I want to send Amount BTC to RecipientAddress.,Send,"('BTC', 'RecipientAddress')"
I need to dispatch Amount MATIC to RecipientAddress.,Send,"('MATIC', 'RecipientAddress')"
I'm planning to send Amount USDC to RecipientAddress.,Send,"('USDC', 'RecipientAddress')"
I want to swap ETH with BTC.,Swap,"('ETH', 'BTC')"
I want to send Amount USDT to RecipientAddress.,Send,"('USDT', 'RecipientAddress')"
Is it possible to swap USDT with USDC?,Swap,"('USDC', 'USDT')"
"Exchange MATIC with ETH, please.",Swap,"('ETH', 'MATIC')"
Swap USDC and give me USDT.,Swap,"('USDC', 'USDT')"
I want to send Amount ETH to RecipientAddress.,Send,"('ETH', 'RecipientAddress')"
Let's trade BTC for MATIC.,Swap,"('MATIC', 'BTC')"
I'm planning to send Amount ETH to RecipientAddress.,Send,"('ETH', 'RecipientAddress')"
I'm planning to send Amount ETH to RecipientAddress.,Send,"('ETH', 'RecipientAddress')"
I need to trade MATIC for USDC.,Swap,"('MATIC', 'USDC')"
"Exchange ETH with USDT, please.",Swap,"('USDT', 'ETH')"
I want to send Amount USDT to RecipientAddress.,Send,"('USDT', 'RecipientAddress')"
Let's initiate a transaction: Amount ETH to RecipientAddress.,Send,"('ETH', 'RecipientAddress')"
I want to send Amount USDC to RecipientAddress.,Send,"('USDC', 'RecipientAddress')"
Swap ETH for USDT at the best rate.,Swap,"('ETH', 'USDT')"
Let's initiate a transaction: Amount ETH to RecipientAddress.,Send,"('ETH', 'RecipientAddress')"
Send Amount USDT from my wallet to RecipientAddress.,Send,"('USDT', 'RecipientAddress')"
I need to trade MATIC for USDC.,Swap,"('MATIC', 'USDC')"
Swap ETH for USDC at the best rate.,Swap,"('ETH', 'USDC')"
Can I exchange USDT for ETH?,Swap,"('ETH', 'USDT')"
Send Amount USDC from my wallet to RecipientAddress.,Send,"('USDC', 'RecipientAddress')"
Can I exchange BTC for USDT?,Swap,"('USDT', 'BTC')"
Can I exchange ETH for MATIC?,Swap,"('MATIC', 'ETH')"
Is it possible to swap ETH with USDT?,Swap,"('USDT', 'ETH')"
Send Amount BTC from my wallet to RecipientAddress.,Send,"('BTC', 'RecipientAddress')"
Give me MATIC in exchange for USDC.,Swap,"('USDC', 'MATIC')"
Let's trade USDT for BTC.,Swap,"('BTC', 'USDT')"
I need to dispatch Amount USDC to RecipientAddress.,Send,"('USDC', 'RecipientAddress')"
I would like to exchange BTC with USDT.,Swap,"('BTC', 'USDT')"
Let's initiate a transaction: Amount BTC to RecipientAddress.,Send,"('BTC', 'RecipientAddress')"
I'm planning to send Amount BTC to RecipientAddress.,Send,"('BTC', 'RecipientAddress')"
I want to swap USDT with BTC.,Swap,"('USDT', 'BTC')"
Let's trade BTC for USDC.,Swap,"('USDC', 'BTC')"
Transfer Amount ETH to RecipientAddress.,Send,"('ETH', 'RecipientAddress')"
Let's initiate a transaction: Amount MATIC to RecipientAddress.,Send,"('MATIC', 'RecipientAddress')"
Can I transfer Amount MATIC to RecipientAddress?,Send,"('MATIC', 'RecipientAddress')"
"Exchange MATIC with USDC, please.",Swap,"('USDC', 'MATIC')"
"Exchange USDC with USDT, please.",Swap,"('USDT', 'USDC')"
I need to dispatch Amount ETH to RecipientAddress.,Send,"('ETH', 'RecipientAddress')"
Swap ETH for USDC at the best rate.,Swap,"('ETH', 'USDC')"
Transfer Amount USDT to RecipientAddress.,Send,"('USDT', 'RecipientAddress')"
I need to trade USDT for MATIC.,Swap,"('USDT', 'MATIC')"
I'm planning to send Amount MATIC to RecipientAddress.,Send,"('MATIC', 'RecipientAddress')"
Send Amount USDC from my wallet to RecipientAddress.,Send,"('USDC', 'RecipientAddress')"
I'm planning to send Amount USDT to RecipientAddress.,Send,"('USDT', 'RecipientAddress')"
Transfer Amount USDT to RecipientAddress.,Send,"('USDT', 'RecipientAddress')"
Send Amount USDT from my wallet to RecipientAddress.,Send,"('USDT', 'RecipientAddress')"
Transfer Amount USDC to RecipientAddress.,Send,"('USDC', 'RecipientAddress')"
I want to send Amount MATIC to RecipientAddress.,Send,"('MATIC', 'RecipientAddress')"
Swap USDT and give me USDC.,Swap,"('USDT', 'USDC')"
I'm planning to send Amount USDC to RecipientAddress.,Send,"('USDC', 'RecipientAddress')"
I need to dispatch Amount USDT to RecipientAddress.,Send,"('USDT', 'RecipientAddress')"
Give me BTC in exchange for MATIC.,Swap,"('MATIC', 'BTC')"
I would like to exchange USDC with BTC.,Swap,"('USDC', 'BTC')"
Give me USDT in exchange for MATIC.,Swap,"('MATIC', 'USDT')"
I'm looking to swap MATIC and USDT.,Swap,"('MATIC', 'USDT')"
Give me ETH in exchange for MATIC.,Swap,"('MATIC', 'ETH')"
I want to swap my ETH with the best possible amount of MATIC.,Swap,"('ETH', 'MATIC')"
I'm looking to swap MATIC and BTC.,Swap,"('MATIC', 'BTC')"
Let's initiate a transaction: Amount BTC to RecipientAddress.,Send,"('BTC', 'RecipientAddress')"
Is it possible to send Amount USDT to RecipientAddress?,Send,"('USDT', 'RecipientAddress')"
I need to trade USDT for ETH.,Swap,"('USDT', 'ETH')"
I would like to exchange BTC with USDC.,Swap,"('BTC', 'USDC')"
Transfer Amount ETH to RecipientAddress.,Send,"('ETH', 'RecipientAddress')"
Transfer Amount BTC to RecipientAddress.,Send,"('BTC', 'RecipientAddress')"
I would like to exchange USDC with USDT.,Swap,"('USDC', 'USDT')"
Is it possible to send Amount MATIC to RecipientAddress?,Send,"('MATIC', 'RecipientAddress')"
Is it possible to send Amount ETH to RecipientAddress?,Send,"('ETH', 'RecipientAddress')"
I'm looking to swap USDT and BTC.,Swap,"('USDT', 'BTC')"
I want to swap ETH with BTC.,Swap,"('ETH', 'BTC')"
Can I transfer Amount USDT to RecipientAddress?,Send,"('USDT', 'RecipientAddress')"
I'm planning to send Amount ETH to RecipientAddress.,Send,"('ETH', 'RecipientAddress')"
Is it possible to swap USDC with ETH?,Swap,"('ETH', 'USDC')"
I need to dispatch Amount MATIC to RecipientAddress.,Send,"('MATIC', 'RecipientAddress')"
I need to dispatch Amount BTC to RecipientAddress.,Send,"('BTC', 'RecipientAddress')"
I want to swap my BTC with the best possible amount of ETH.,Swap,"('BTC', 'ETH')"
Swap USDC for USDT at the best rate.,Swap,"('USDC', 'USDT')"
Send Amount MATIC from my wallet to RecipientAddress.,Send,"('MATIC', 'RecipientAddress')"
Let's initiate a transaction: Amount MATIC to RecipientAddress.,Send,"('MATIC', 'RecipientAddress')"
I'm planning to send Amount USDT to RecipientAddress.,Send,"('USDT', 'RecipientAddress')"
Swap MATIC and give me ETH.,Swap,"('MATIC', 'ETH')"
I want to send Amount USDT to RecipientAddress.,Send,"('USDT', 'RecipientAddress')"
I want to send Amount BTC to RecipientAddress.,Send,"('BTC', 'RecipientAddress')"
I would like to exchange MATIC with USDT.,Swap,"('MATIC', 'USDT')"
Can I exchange ETH for BTC?,Swap,"('BTC', 'ETH')"
Let's initiate a transaction: Amount ETH to RecipientAddress.,Send,"('ETH', 'RecipientAddress')"
I want to swap USDT with USDC.,Swap,"('USDT', 'USDC')"
Let's initiate a transaction: Amount BTC to RecipientAddress.,Send,"('BTC', 'RecipientAddress')"
Can I transfer Amount USDT to RecipientAddress?,Send,"('USDT', 'RecipientAddress')"
Can I exchange ETH for USDC?,Swap,"('USDC', 'ETH')"
Swap USDC and give me MATIC.,Swap,"('USDC', 'MATIC')"
"Exchange USDC with ETH, please.",Swap,"('ETH', 'USDC')"
Can I transfer Amount ETH to RecipientAddress?,Send,"('ETH', 'RecipientAddress')"
Is it possible to swap BTC with USDT?,Swap,"('USDT', 'BTC')"
I want to swap my ETH with the best possible amount of BTC.,Swap,"('ETH', 'BTC')"
Is it possible to swap ETH with MATIC?,Swap,"('MATIC', 'ETH')"
Can I transfer Amount ETH to RecipientAddress?,Send,"('ETH', 'RecipientAddress')"
I want to swap my BTC with the best possible amount of USDT.,Swap,"('BTC', 'USDT')"
